	0	1	2
0	Kayra	Erkek-Kız	Türkçe
1	Emre	Erkek	Bilinmiyor
2	Hasan	Erkek	Bilinmiyor
3	Mehmet	Erkek	Bilinmiyor
4	Göktuğ	Erkek	Türkçe
5	Ali	Erkek	Arapça
6	Mustafa	Erkek	Arapça
7	Ahmet	Erkek	Arapça
8	Enes	Erkek	Bilinmiyor
9	Alperen	Erkek	Bilinmiyor
10	Hüseyin	Erkek	Bilinmiyor
11	Berkay	Erkek	Bilinmiyor
12	Yusuf	Erkek	Bilinmiyor
13	Arda	Erkek-Kız	Türkçe
14	Kaan	Erkek	Bilinmiyor
15	Osman	Erkek	Bilinmiyor
16	Eray	Erkek	Bilinmiyor
17	Ömer	Erkek	Bilinmiyor
18	Çağan	Erkek	Bilinmiyor
19	Furkan	Erkek	Bilinmiyor
20	Talha	Erkek	Bilinmiyor
21	Serkan	Erkek	Türkçe
22	Muhammet	Erkek	Bilinmiyor
23	Görkem	Erkek-Kız	Bilinmiyor
24	Erva	Erkek-Kız	Bilinmiyor
25	Burak	Erkek	Bilinmiyor
26	Mahmut	Erkek	Bilinmiyor
27	Fatih	Erkek	Bilinmiyor
28	Çağrı	Erkek	Bilinmiyor
29	Eslem	Erkek-Kız	Bilinmiyor
30	Baran	Erkek	Bilinmiyor
31	Çınar	Erkek	Bilinmiyor
32	Doğukan	Erkek	Bilinmiyor
33	İbrahim	Erkek	Bilinmiyor
34	Aras	Erkek	Türkçe
35	Ebrar	Erkek-Kız	Bilinmiyor
36	Murat	Erkek	Bilinmiyor
37	Berk	Erkek	Bilinmiyor
38	Berfin	Erkek-Kız	Farsça
39	Batuhan	Erkek	Bilinmiyor
40	Gökhan	Erkek	Bilinmiyor
41	Efe	Erkek	Türkçe
42	Alper	Erkek	Bilinmiyor
43	Harun	Erkek	Bilinmiyor
44	Emrah	Erkek	Arapça
45	Dora	Erkek-Kız	Türkçe
46	Abad	Erkek	Farsça
47	Berat	Erkek	Bilinmiyor
48	İsmail	Erkek	Bilinmiyor
49	Cengiz	Erkek	Bilinmiyor
50	Belinay	Erkek-Kız	Bilinmiyor
51	Abdullah	Erkek	Arapça
52	Aytuğ	Erkek-Kız	Bilinmiyor
53	Buğra	Erkek	Bilinmiyor
54	Beren	Erkek-Kız	Türkçe
55	Kerem	Erkek	Bilinmiyor
56	Deniz	Erkek-Kız	Bilinmiyor
57	Cüneyt	Erkek	Bilinmiyor
58	Ersin	Erkek-Kız	Bilinmiyor
59	Yağız	Erkek	Bilinmiyor
60	Orhan	Erkek	Bilinmiyor
61	Yağmur	Erkek-Kız	Bilinmiyor
62	Yunus	Erkek	Bilinmiyor
63	Çağatay	Erkek	Bilinmiyor
64	Oğuzhan	Erkek	Türkçe
65	Caner	Erkek	Bilinmiyor
66	Tarık	Erkek	Bilinmiyor
67	Akif	Erkek	Türkçe
68	Halit	Erkek	Bilinmiyor
69	Eren	Erkek	Bilinmiyor
70	Berke	Erkek	Bilinmiyor
71	Uraz	Erkek	Türkçe
72	Süleyman	Erkek	İbranice
73	Emir	Erkek	Bilinmiyor
74	Burkay	Erkek	Türkçe
75	İhsan	Erkek	Bilinmiyor
76	Selahattin	Erkek	Arapça
77	Ege	Erkek	Bilinmiyor
78	Melih	Erkek	Bilinmiyor
79	Pusat	Erkek	Bilinmiyor
80	Derin	Erkek-Kız	Türkçe
81	Ümit	Erkek	Bilinmiyor
82	Halil	Erkek	Arapça
83	Yasir	Erkek	Bilinmiyor
84	Ertuğrul	Erkek	Bilinmiyor
85	Ayyüce	Erkek-Kız	Bilinmiyor
86	Oktay	Erkek	Bilinmiyor
87	Gökay	Erkek	Bilinmiyor
88	Adnan	Erkek	Arapça
89	Oğuz	Erkek	Türkçe
90	Hakan	Erkek	Bilinmiyor
91	Yasin	Erkek	Bilinmiyor
92	Hira	Erkek-Kız	Bilinmiyor
93	Emirhan	Erkek	Bilinmiyor
94	Serdar	Erkek	Farsça
95	Metehan	Erkek	Bilinmiyor
96	Yaren	Erkek-Kız	Farsça
97	Mislina	Erkek-Kız	Bilinmiyor
98	Meriç	Erkek	Bilinmiyor
99	Samed	Erkek	Bilinmiyor
100	Yuşa	Erkek	Bilinmiyor
101	Farabi	Erkek	Arapça
102	Mert	Erkek	Bilinmiyor
103	Vedat	Erkek	Bilinmiyor
104	Alya	Erkek	Bilinmiyor
105	Fahri	Erkek	Bilinmiyor
106	Fırat	Erkek	Bilinmiyor
107	Ercan	Erkek	Türkçe
108	Berna	Erkek-Kız	Farsça
109	Adem	Erkek	Arapça
110	Bekir	Erkek	Bilinmiyor
111	Şükrü	Erkek	Bilinmiyor
112	Cemil	Erkek	Bilinmiyor
113	Hamza	Erkek	Bilinmiyor
114	Alican	Erkek	Bilinmiyor
115	Ayaz	Erkek	Türkçe
116	Yavuz	Erkek	Bilinmiyor
117	Ferit	Erkek	Bilinmiyor
118	Koray	Erkek	Bilinmiyor
119	Akil	Erkek	Bilinmiyor
120	Sinan	Erkek	Bilinmiyor
121	Çağlar	Erkek	Bilinmiyor
122	Sercan	Erkek	Farsça
123	Aybala	Erkek	Türkçe
124	Can	Erkek	Bilinmiyor
125	Semih	Erkek	Bilinmiyor
126	Özcan	Erkek-Kız	Türkçe
127	Nihat	Erkek	Bilinmiyor
128	Coşkun	Erkek	Bilinmiyor
129	Anıl	Erkek-Kız	Bilinmiyor
130	Sami	Erkek	Bilinmiyor
131	Salih	Erkek	Bilinmiyor
132	Asaf	Erkek	Bilinmiyor
133	Sedat	Erkek	Bilinmiyor
134	Attila	Erkek	Bilinmiyor
135	Okan	Erkek	Bilinmiyor
136	Toprak	Erkek-Kız	Bilinmiyor
137	Siraç	Erkek	Bilinmiyor
138	Giray	Erkek	Bilinmiyor
139	Tuğra	Erkek	Bilinmiyor
140	İmran	Erkek	Arapça
141	Ceyhun	Erkek	Bilinmiyor
142	Satı	Erkek-Kız	Türkçe
143	Alp	Erkek	Bilinmiyor
144	Soner	Erkek	Bilinmiyor
145	Faruk	Erkek	Arapça
146	Ensar	Erkek	Bilinmiyor
147	Asrın	Erkek	Bilinmiyor
148	Erkan	Erkek	Bilinmiyor
149	Polat	Erkek	Bilinmiyor
150	Ayberk	Erkek	Bilinmiyor
151	Beyda	Erkek	Bilinmiyor
152	Selim	Erkek	Bilinmiyor
153	Cem	Erkek	Farsça
154	Eymen	Erkek	Arapça
155	Ferhat	Erkek	Bilinmiyor
156	Kenan	Erkek	Bilinmiyor
157	Beyazıt	Erkek	Bilinmiyor
158	Egemen	Erkek	Bilinmiyor
159	Bahadır	Erkek	Bilinmiyor
160	Safa	Erkek	Bilinmiyor
161	Berfu	Erkek-Kız	Bilinmiyor
162	Seymen	Erkek	Bilinmiyor
163	Ekrem	Erkek	Bilinmiyor
164	Bilal	Erkek	Bilinmiyor
165	Selcen	Erkek-Kız	Farsça
166	Ramazan	Erkek	Bilinmiyor
167	Kemal	Erkek	Bilinmiyor
168	Erdem	Erkek	Bilinmiyor
169	Recep	Erkek	Bilinmiyor
170	Atakan	Erkek	Bilinmiyor
171	Şahin	Erkek	Farsça
172	Reşat	Erkek	Bilinmiyor
173	Miraç	Erkek-Kız	Arapça
174	Beyhan	Erkek-Kız	Arapça
175	Vahap	Erkek	Bilinmiyor
176	Mesut	Erkek	Bilinmiyor
177	İlkay	Erkek	Bilinmiyor
178	Alparslan	Erkek	Türkçe
179	Uğur	Erkek	Bilinmiyor
180	Haldun	Erkek	Bilinmiyor
181	Bünyamin	Erkek	Bilinmiyor
182	Güner	Erkek-Kız	Türkçe
183	Kadir	Erkek	Bilinmiyor
184	Volkan	Erkek	Bilinmiyor
185	Eser	Erkek-Kız	Bilinmiyor
186	Davud	Erkek	Arapça
187	Mushap	Erkek	Bilinmiyor
188	Burhan	Erkek	Bilinmiyor
189	Muzaffer	Erkek-Kız	Arapça
190	Tolgahan	Erkek	Bilinmiyor
191	Baha	Erkek	Bilinmiyor
192	Utku	Erkek	Bilinmiyor
193	Memati	Erkek	Bilinmiyor
194	Tahir	Erkek	Bilinmiyor
195	Tunahan	Erkek	Bilinmiyor
196	Önder	Erkek	Bilinmiyor
197	Tansu	Erkek-Kız	Türkçe
198	Sait	Erkek	Bilinmiyor
199	Yahya	Erkek	İbranice
200	Atahan	Erkek	Bilinmiyor
201	Ateş	Erkek	Bilinmiyor
202	Ayhan	Erkek	Bilinmiyor
203	Erdal	Erkek	Bilinmiyor
204	Haşim	Erkek	Bilinmiyor
205	Hadi	Erkek	Bilinmiyor
206	Abdülkadir	Erkek	Arapça
207	Genco	Erkek	Bilinmiyor
208	Ahmed	Erkek	Bilinmiyor
209	Kardelen	Erkek	Bilinmiyor
210	Ceyhan	Erkek	Bilinmiyor
211	Nuri	Erkek	Bilinmiyor
212	Boğaçhan	Erkek	Bilinmiyor
213	Erhan	Erkek	Bilinmiyor
214	Feyzullah	Erkek	Bilinmiyor
215	Aybars	Erkek-Kız	Bilinmiyor
216	Kürşat	Erkek	Bilinmiyor
217	Muharrem	Erkek	Bilinmiyor
218	Sefa	Erkek-Kız	Arapça
219	Vural	Erkek	Bilinmiyor
220	İlhan	Erkek	Bilinmiyor
221	Orçun	Erkek	Türkçe
222	Şerif	Erkek	Bilinmiyor
223	Suat	Erkek	Bilinmiyor
224	Arif	Erkek	Bilinmiyor
225	Kubilay	Erkek	Bilinmiyor
226	Veysel	Erkek	Bilinmiyor
227	Abdurrahman	Erkek	Arapça
228	İsmet	Erkek	Bilinmiyor
229	Egehan	Erkek	Bilinmiyor
230	Levent	Erkek	Bilinmiyor
231	Orkun	Erkek	Bilinmiyor
232	Merih	Erkek	Bilinmiyor
233	Sariye	Erkek	Bilinmiyor
234	Taylan	Erkek	Bilinmiyor
235	Kemalettin	Erkek	Bilinmiyor
236	Yiğit	Erkek	Bilinmiyor
237	Umur	Erkek	Bilinmiyor
238	Akın	Erkek	Bilinmiyor
239	Selman	Erkek	Bilinmiyor
240	Göksu	Erkek-Kız	Bilinmiyor
241	Poyraz	Erkek	Bilinmiyor
242	Selami	Erkek	Bilinmiyor
243	Ozan	Erkek	Bilinmiyor
244	İlker	Erkek	Bilinmiyor
245	Aykut	Erkek	Bilinmiyor
246	Gülhan	Erkek-Kız	Bilinmiyor
247	Nazım	Erkek	Bilinmiyor
248	Saruhan	Erkek	Bilinmiyor
249	Tunca	Erkek	Bilinmiyor
250	İshak	Erkek	Bilinmiyor
251	Yakup	Erkek	Bilinmiyor
252	Şüheda	Erkek-Kız	Arapça
253	Samet	Erkek	Bilinmiyor
254	Alaaddin	Erkek	Arapça
255	Aslan	Erkek	Türkçe
256	Eyüp	Erkek	Bilinmiyor
257	Acun	Erkek	Türkçe
258	Enver	Erkek	Bilinmiyor
259	Hamit	Erkek	Bilinmiyor
260	Mete	Erkek	Bilinmiyor
261	Behram	Erkek	Farsça
262	Tolga	Erkek	Bilinmiyor
263	Bora	Erkek	Bilinmiyor
264	Rahmi	Erkek	Bilinmiyor
265	Mirza	Erkek	Bilinmiyor
266	Feyzan	Erkek-Kız	Arapça
267	Onur	Erkek	Bilinmiyor
268	Ecmel	Erkek-Kız	Bilinmiyor
269	Feraye	Erkek-Kız	Bilinmiyor
270	Benan	Erkek-Kız	Arapça
271	Bala	Erkek	Bilinmiyor
272	Rıdvan	Erkek	Arapça
273	Tayfun	Erkek	Bilinmiyor
274	Numan	Erkek	Arapça
275	Özden	Erkek	Bilinmiyor
276	Gürsel	Erkek	Bilinmiyor
277	Teoman	Erkek	Bilinmiyor
278	Melikşah	Erkek	Bilinmiyor
279	Lütfü	Erkek	Bilinmiyor
280	Cenap	Erkek	Bilinmiyor
281	Sümer	Erkek	Bilinmiyor
282	Cemal	Erkek	Bilinmiyor
283	Onat	Erkek	Bilinmiyor
284	Taci	Erkek	Bilinmiyor
285	Engin	Erkek	Bilinmiyor
286	Bülent	Erkek	Farsça
287	Erol	Erkek	Bilinmiyor
288	Niyazi	Erkek	Bilinmiyor
289	Münir	Erkek	Bilinmiyor
290	Şinasi	Erkek	Bilinmiyor
291	Fevzi	Erkek	Bilinmiyor
292	Barış	Erkek	Bilinmiyor
293	Selçuk	Erkek	Bilinmiyor
294	Ethem	Erkek	Bilinmiyor
295	Muammer	Erkek	Bilinmiyor
296	Nahid	Erkek	Bilinmiyor
297	Doğan	Erkek	Bilinmiyor
298	Önal	Erkek	Bilinmiyor
299	Altan	Erkek	Bilinmiyor
300	Erden	Erkek	Bilinmiyor
301	Taner	Erkek	Bilinmiyor
302	Ertan	Erkek	Bilinmiyor
303	Necip	Erkek	Bilinmiyor
304	Ediz	Erkek	Bilinmiyor
305	Arkın	Erkek	Bilinmiyor
306	Timuçin	Erkek	Bilinmiyor
307	Emin	Erkek	Bilinmiyor
308	Bedirhan	Erkek	Bilinmiyor
309	Aziz	Erkek	Bilinmiyor
310	Lokman	Erkek	Bilinmiyor
311	Metin	Erkek	Bilinmiyor
312	Göker	Erkek	Bilinmiyor
313	Necati	Erkek	Bilinmiyor
314	Atabey	Erkek	Bilinmiyor
315	Özkan	Erkek	Bilinmiyor
316	Ziya	Erkek	Bilinmiyor
317	Mücahit	Erkek	Bilinmiyor
318	Vera	Erkek-Kız	Bilinmiyor
319	Emrullah	Erkek	Arapça
320	Esad	Erkek	Bilinmiyor
321	Erdoğan	Erkek	Bilinmiyor
322	Cevdet	Erkek	Bilinmiyor
323	Serhad	Erkek	Bilinmiyor
324	Tuna	Erkek	Bilinmiyor
325	Fuzuli	Erkek	Arapça
326	Turgut	Erkek	Bilinmiyor
327	Dilaver	Erkek	Bilinmiyor
328	Denizhan	Erkek	Bilinmiyor
329	Rüstem	Erkek	Bilinmiyor
330	Akile	Erkek-Kız	Bilinmiyor
331	Tutku	Erkek-Kız	Türkçe
332	Dünya	Erkek	Bilinmiyor
333	Erbil	Erkek-Kız	Bilinmiyor
334	Keramettin	Erkek	Bilinmiyor
335	Gürcan	Erkek	Bilinmiyor
336	Zafer	Erkek	Bilinmiyor
337	Mikail	Erkek	Bilinmiyor
338	Batu	Erkek	Bilinmiyor
339	İlyas	Erkek	İbranice
340	Taşkın	Erkek	Bilinmiyor
341	Cuma	Erkek	Bilinmiyor
342	Aygün	Erkek	Bilinmiyor
343	Umut	Erkek	Bilinmiyor
344	Hazar	Erkek	Bilinmiyor
345	Hasret	Erkek-Kız	Arapça
346	Atalay	Erkek	Bilinmiyor
347	Necdet	Erkek	Bilinmiyor
348	Taha	Erkek	Arapça
349	Avni	Erkek	Bilinmiyor
350	Celil	Erkek	Bilinmiyor
351	Elvin	Erkek-Kız	Arapça
352	Mahir	Erkek	Arapça
353	Yaşar	Erkek	Bilinmiyor
354	Tuğrul	Erkek	Bilinmiyor
355	Kamil	Erkek	Bilinmiyor
356	Ferdi	Erkek	Bilinmiyor
357	Fahir	Erkek	Bilinmiyor
358	Hidayet	Erkek	Bilinmiyor
359	Berkant	Erkek	Bilinmiyor
360	Bayram	Erkek	Bilinmiyor
361	Feyzettin	Erkek	Arapça
362	Cihan	Erkek	Bilinmiyor
363	Ata	Erkek	Bilinmiyor
364	Özdemir	Erkek	Bilinmiyor
365	Gökmen	Erkek	Bilinmiyor
366	İlbey	Erkek	Bilinmiyor
367	Ramiz	Erkek	Bilinmiyor
368	Agah	Erkek	Bilinmiyor
369	Yalın	Erkek	Bilinmiyor
370	Kamuran	Erkek-Kız	Farsça
371	Fezahan	Erkek	Arapça
372	Tanju	Erkek	Bilinmiyor
373	Erçin	Erkek	Bilinmiyor
374	Ercüment	Erkek	Bilinmiyor
375	Göksel	Erkek	Bilinmiyor
376	Şenol	Erkek	Bilinmiyor
377	Ezel	Erkek	Bilinmiyor
378	Faik	Erkek	Bilinmiyor
379	Yekta	Erkek	Bilinmiyor
380	Tunç	Erkek	Bilinmiyor
381	Sezai	Erkek	Bilinmiyor
382	Sabahattin	Erkek	Bilinmiyor
383	Celal	Erkek	Bilinmiyor
384	Mirsad	Erkek	Bilinmiyor
385	Fezai	Erkek	Arapça
386	İsrafil	Erkek	Arapça
387	Müjdat	Erkek	Bilinmiyor
388	Yılmaz	Erkek	Bilinmiyor
389	Feridun	Erkek	Bilinmiyor
390	Macit	Erkek	Bilinmiyor
391	Abbas	Erkek	Arapça
392	Nurettin	Erkek	Bilinmiyor
393	Mevlut	Erkek	Bilinmiyor
394	Turan	Erkek	Bilinmiyor
395	Doğa	Erkek	Bilinmiyor
396	Basri	Erkek	Bilinmiyor
397	Reyyan	Erkek	Arapça
398	Seyfullah	Erkek	Bilinmiyor
399	Tan	Erkek	Bilinmiyor
400	Acar	Erkek	Bilinmiyor
401	Halis	Erkek	Bilinmiyor
402	Yeda	Erkek-Kız	Bilinmiyor
403	Suad	Erkek	Bilinmiyor
404	Devrim	Erkek-Kız	Türkçe
405	Özay	Erkek	Bilinmiyor
406	Mükremin	Erkek	Bilinmiyor
407	Babür	Erkek	Bilinmiyor
408	Cumhur	Erkek	Bilinmiyor
409	Feyyaz	Erkek	Bilinmiyor
410	Turgay	Erkek	Bilinmiyor
411	Turhan	Erkek	Bilinmiyor
412	Hikmet	Erkek	Bilinmiyor
413	Şaban	Erkek	Bilinmiyor
414	Nurtaç	Erkek-Kız	Arapça
415	Arya	Erkek-Kız	Bilinmiyor
416	Malik	Erkek	Bilinmiyor
417	Saltuk	Erkek	Bilinmiyor
418	Nizam	Erkek	Bilinmiyor
419	Serhat	Erkek	Bilinmiyor
420	Sezer	Erkek	Bilinmiyor
421	Oruç	Erkek	Bilinmiyor
422	Yalım	Erkek	Bilinmiyor
423	Macid	Erkek	Bilinmiyor
424	Çetin	Erkek	Bilinmiyor
425	Atıf	Erkek	Bilinmiyor
426	Oytun	Erkek	Bilinmiyor
427	Kazım	Erkek	Bilinmiyor
428	Hanefi	Erkek	Bilinmiyor
429	Ogün	Erkek	Bilinmiyor
430	Doruk	Erkek	Bilinmiyor
431	Zeki	Erkek	Bilinmiyor
432	Zülfa	Erkek-Kız	Bilinmiyor
433	Kürşad	Erkek	Bilinmiyor
434	Tamer	Erkek	Bilinmiyor
435	Bektaş	Erkek	Bilinmiyor
436	Baki	Erkek	Bilinmiyor
437	Hişam	Erkek	Bilinmiyor
438	Birol	Erkek	Bilinmiyor
439	Nizamettin	Erkek	Bilinmiyor
440	Barkın	Erkek	Bilinmiyor
441	Cihangir	Erkek	Farsça
442	Esat	Erkek	Bilinmiyor
443	Rüzgar	Erkek	Farsça
444	Kutlu	Erkek	Bilinmiyor
445	Kuzey	Erkek	Bilinmiyor
446	Adıgün	Erkek	Türkçe
447	Arkan	Erkek	Bilinmiyor
448	Baransel	Erkek	Bilinmiyor
449	Bulut	Erkek	Bilinmiyor
450	Berhan	Erkek	Bilinmiyor
451	Behçet	Erkek	Bilinmiyor
452	Affan	Erkek	Türkçe
453	Uluç	Erkek	Bilinmiyor
454	Gündüz	Erkek	Bilinmiyor
455	Bertan	Erkek	Türkçe
456	Ufuk	Erkek	Bilinmiyor
457	Olcayto	Erkek	Bilinmiyor
458	Seyit	Erkek	Bilinmiyor
459	İlkin	Erkek	Bilinmiyor
460	Serhan	Erkek	Bilinmiyor
461	Diyar	Erkek-Kız	Bilinmiyor
462	Pars	Erkek	Bilinmiyor
463	Altuğ	Erkek	Bilinmiyor
464	Haslet	Erkek	Arapça
465	Barbaros	Erkek	Bilinmiyor
466	Mazhar	Erkek	Bilinmiyor
467	Rıfat	Erkek	Bilinmiyor
468	Hayrettin	Erkek	Bilinmiyor
469	İsa	Erkek	Bilinmiyor
470	Ruşen	Erkek	Bilinmiyor
471	Tuncay	Erkek	Bilinmiyor
472	Durmuş	Erkek	Bilinmiyor
473	Aydın	Erkek	Bilinmiyor
474	Şevket	Erkek	Bilinmiyor
475	Musa	Erkek	Bilinmiyor
476	Cafer	Erkek	Bilinmiyor
477	Bermal	Erkek	Bilinmiyor
478	Ertem	Erkek	Bilinmiyor
479	Ergun	Erkek	Bilinmiyor
480	Memduh	Erkek	Bilinmiyor
481	Özgür	Erkek	Bilinmiyor
482	Asım	Erkek	Bilinmiyor
483	Salman	Erkek	Bilinmiyor
484	Sezgin	Erkek-Kız	Türkçe
485	Behlil	Erkek	Bilinmiyor
486	Çağdaş	Erkek-Kız	Türkçe
487	Cenk	Erkek	Bilinmiyor
488	Civan	Erkek	Bilinmiyor
489	Aktan	Erkek	Bilinmiyor
490	Muti	Erkek	Bilinmiyor
491	Umay	Erkek-Kız	Bilinmiyor
492	Behlül	Erkek	Bilinmiyor
493	Tuğşat	Erkek	Bilinmiyor
494	Feyzi	Erkek	Bilinmiyor
495	Deha	Erkek	Bilinmiyor
496	Savaş	Erkek	Bilinmiyor
497	Remzi	Erkek	Bilinmiyor
498	İrfan	Erkek-Kız	Arapça
499	Yakub	Erkek	Bilinmiyor
500	Müfit	Erkek	Bilinmiyor
501	Yalçın	Erkek	Türkçe
502	Tümay	Erkek	Bilinmiyor
503	Zülkarneyn	Erkek	Bilinmiyor
504	Yiğithan	Erkek	Bilinmiyor
505	Murad	Erkek	Bilinmiyor
506	Tahsin	Erkek	Bilinmiyor
507	Efecan	Erkek	Bilinmiyor
508	Cenan	Erkek	Bilinmiyor
509	Dündar	Erkek	Arapça
510	Güray	Erkek	Bilinmiyor
511	Bükre	Erkek	Bilinmiyor
512	gürkan	Erkek	Bilinmiyor
513	Bircan	Erkek-Kız	Bilinmiyor
514	Said	Erkek	Bilinmiyor
515	Hüdaverdi	Erkek	Bilinmiyor
516	Hacı	Erkek	Bilinmiyor
517	Azmi	Erkek	Bilinmiyor
518	Senih	Erkek	Bilinmiyor
519	Kerim	Erkek	Bilinmiyor
520	Tevfik	Erkek	Bilinmiyor
521	İdris	Erkek	Bilinmiyor
522	Hilmi	Erkek	Bilinmiyor
523	Fuat	Erkek	Bilinmiyor
524	Atilla	Erkek	Bilinmiyor
525	Nezih	Erkek	Bilinmiyor
526	Süreyya	Erkek	Bilinmiyor
527	Adil	Erkek	Türkçe
528	Efdal	Erkek	Bilinmiyor
529	Saffet	Erkek	Bilinmiyor
530	Haydar	Erkek	Bilinmiyor
531	Artun	Erkek	Bilinmiyor
532	Tayyar	Erkek	Bilinmiyor
533	Olgunay	Erkek	Bilinmiyor
534	Ahen	Erkek	Farsça
535	Raşit	Erkek	Bilinmiyor
536	Rıza	Erkek	Bilinmiyor
537	Bilgin	Erkek	Türkçe
538	Ülger	Erkek-Kız	Bilinmiyor
539	Yeter	Erkek-Kız	Bilinmiyor
540	Erim	Erkek	Bilinmiyor
541	Cahit	Erkek	Bilinmiyor
542	Yüksel	Erkek	Bilinmiyor
543	Altay	Erkek	Bilinmiyor
544	Şamil	Erkek	Bilinmiyor
545	Haluk	Erkek	Bilinmiyor
546	Himmet	Erkek	Bilinmiyor
547	Evren	Erkek	Bilinmiyor
548	Neşet	Erkek	Bilinmiyor
549	Gökberk	Erkek	Bilinmiyor
550	Nedim	Erkek	Bilinmiyor
551	Semiray	Erkek	Bilinmiyor
552	Oben	Erkek	Bilinmiyor
553	Evrim	Erkek	Bilinmiyor
554	Erhun	Erkek	Bilinmiyor
555	Şafak	Erkek	Bilinmiyor
556	Orhun	Erkek	Bilinmiyor
557	Tonguç	Erkek	Bilinmiyor
558	Miran	Erkek	Farsça
559	Naim	Erkek	Bilinmiyor
560	Erdinç	Erkek	Bilinmiyor
561	Şakir	Erkek	Bilinmiyor
562	Sahara	Erkek-Kız	Bilinmiyor
563	Tufan	Erkek	Bilinmiyor
564	Mestan	Erkek	Bilinmiyor
565	Kıvanç	Erkek	Türkçe
566	Nevzat	Erkek	Bilinmiyor
567	Aytaç	Erkek	Bilinmiyor
568	Fazıl	Erkek	Bilinmiyor
569	Haşmet	Erkek	Bilinmiyor
570	Alişan	Erkek	Arapça
571	Celalettin	Erkek	Bilinmiyor
572	Servet	Erkek	Bilinmiyor
573	Çevrim	Erkek	Bilinmiyor
574	Vefa	Erkek	Bilinmiyor
575	Aytekin	Erkek	Bilinmiyor
576	Şenel	Erkek-Kız	Türkçe
577	Korcan	Erkek	Bilinmiyor
578	Sabit	Erkek	Bilinmiyor
579	Yücel	Erkek	Bilinmiyor
580	Hüsnü	Erkek	Bilinmiyor
581	Cihat	Erkek	Arapça
582	Sarp	Erkek	Bilinmiyor
583	Bartu	Erkek	Türkçe
584	Güven	Erkek-Kız	Türkçe
585	Cezmi	Erkek	Bilinmiyor
586	Ender	Erkek	Bilinmiyor
587	Eşref	Erkek	Bilinmiyor
588	Bedrettin	Erkek	Bilinmiyor
589	Karel	Erkek-Kız	İbranice
590	Rasim	Erkek	Bilinmiyor
591	Tünay	Erkek-Kız	Bilinmiyor
592	Şemsi	Erkek	Bilinmiyor
593	Birsin	Erkek	Bilinmiyor
594	Mümtaz	Erkek	Bilinmiyor
595	Sadullah	Erkek	Bilinmiyor
596	Murtaza	Erkek	Bilinmiyor
597	Sadık	Erkek	Bilinmiyor
598	Ferhan	Erkek	Bilinmiyor
599	Mükerrem	Erkek	Bilinmiyor
600	Mirkelam	Erkek	Bilinmiyor
601	Musab	Erkek	Arapça
602	Başar	Erkek	Bilinmiyor
603	Tarkan	Erkek	Bilinmiyor
604	Fahrettin	Erkek	Bilinmiyor
605	Sina	Erkek	Bilinmiyor
606	Abdüssamed	Erkek	Arapça
607	Cevat	Erkek	Bilinmiyor
608	Raşid	Erkek	Bilinmiyor
609	İzzet	Erkek	Bilinmiyor
610	Jiyan	Erkek	Farsça
611	Fikret	Erkek	Bilinmiyor
612	Resul	Erkek	Bilinmiyor
613	Alabay	Erkek	Türkçe
614	Berin	Erkek-Kız	Farsça
615	Müslüm	Erkek	Bilinmiyor
616	Tünay	Erkek-Kız	Bilinmiyor
617	Göktürk	Erkek	Bilinmiyor
618	Noyan	Erkek	Bilinmiyor
619	İslam	Erkek	Bilinmiyor
620	İlhami	Erkek	Bilinmiyor
621	Hasip	Erkek	Bilinmiyor
622	Ragıp	Erkek	Bilinmiyor
623	Araz	Erkek-Kız	Türkçe
624	Erem	Erkek	Bilinmiyor
625	Tayyip	Erkek	Bilinmiyor
626	Nadir	Erkek	Bilinmiyor
627	Mernuş	Erkek	Arapça
628	Mekselina	Erkek	Arapça
629	Veli	Erkek	Bilinmiyor
630	Muhsin	Erkek	Bilinmiyor
631	Korhan	Erkek	Bilinmiyor
632	Sermet	Erkek	Bilinmiyor
633	Hüsamettin	Erkek	Arapça
634	Duru	Erkek-Kız	Türkçe
635	Sadun	Erkek	Bilinmiyor
636	Ebubekir	Erkek	Arapça
637	Tansel	Erkek	Bilinmiyor
638	Durdu	Erkek-Kız	Türkçe
639	Demir	Erkek	Bilinmiyor
640	Reha	Erkek	Bilinmiyor
641	Talat	Erkek-Kız	Arapça
642	Berdan	Erkek	Bilinmiyor
643	Fakir	Erkek	Bilinmiyor
644	Alptekin	Erkek	Türkçe
645	Ammar	Erkek	Bilinmiyor
646	Kamer	Erkek-Kız	Bilinmiyor
647	Kayahan	Erkek	Bilinmiyor
648	Ada	Erkek	Türkçe
649	Nesim	Erkek	Bilinmiyor
650	Batıkan	Erkek	Bilinmiyor
651	Berkan	Erkek	Türkçe
652	Yaman	Erkek	Bilinmiyor
653	Naci	Erkek	Bilinmiyor
654	Batın	Erkek-Kız	Türkçe
655	Uzay	Erkek	Bilinmiyor
656	Atlas	Erkek-Kız	Arapça
657	Alim	Erkek	Bilinmiyor
658	Hamdi	Erkek	Bilinmiyor
659	Merdi	Erkek	Bilinmiyor
660	İnayet	Erkek	Bilinmiyor
661	Latif	Erkek	Bilinmiyor
662	Bahri	Erkek	Bilinmiyor
663	Kutsi	Erkek	Bilinmiyor
664	Alat	Erkek	Türkçe
665	Behiç	Erkek	Bilinmiyor
666	Timur	Erkek	Bilinmiyor
667	Atılay	Erkek	Bilinmiyor
668	Buğrahan	Erkek	Arapça
669	Cemalettin	Erkek	Bilinmiyor
670	Mürsel	Erkek	Bilinmiyor
671	Fehmi	Erkek	Bilinmiyor
672	Erşat	Erkek	Bilinmiyor
673	Akad	Erkek	Bilinmiyor
674	Cabbar	Erkek	Bilinmiyor
675	Mümin	Erkek	Bilinmiyor
676	Zülfikar	Erkek	Bilinmiyor
677	Dinçer	Erkek	Bilinmiyor
678	Erkut	Erkek	Bilinmiyor
679	Necmettin	Erkek	Bilinmiyor
680	Altar	Erkek	Bilinmiyor
681	Hami	Erkek	Bilinmiyor
682	Atay	Erkek	Bilinmiyor
683	Nazif	Erkek	Bilinmiyor
684	Hakkı	Erkek	Arapça
685	Atanur	Erkek	Bilinmiyor
686	Sadettin	Erkek	Bilinmiyor
687	Serbülent	Erkek	Bilinmiyor
688	Aykan	Erkek	Bilinmiyor
689	Itri	Erkek	Bilinmiyor
690	Kutay	Erkek	Türkçe
691	Zişan	Erkek-Kız	Arapça
692	Çağlayan	Erkek-Kız	Türkçe
693	Tacettin	Erkek	Bilinmiyor
694	Türker	Erkek	Bilinmiyor
695	Server	Erkek	Bilinmiyor
696	Nabi	Erkek	Bilinmiyor
697	Salim	Erkek	Bilinmiyor
698	Sadi	Erkek	Arapça
699	Nuh	Erkek	Bilinmiyor
700	Fadıl	Erkek	Bilinmiyor
701	Yıldıray	Erkek	Bilinmiyor
702	Sertaç	Erkek	Bilinmiyor
703	Nusret	Erkek	Bilinmiyor
704	Seydi	Erkek	Arapça
705	Hayri	Erkek	Bilinmiyor
706	Ceysina	Erkek-Kız	Türkçe
707	Cankat	Erkek	Bilinmiyor
708	Ekber	Erkek	Bilinmiyor
709	Hulusi	Erkek	Bilinmiyor
710	Mehmetçik	Erkek	Türkçe
711	Alihan	Erkek	Farsça
712	Serdal	Erkek	Türkçe
713	Batur	Erkek	Bilinmiyor
714	Oğulcan	Erkek	Türkçe
715	Tolunay	Erkek	Bilinmiyor
716	Hadiye	Erkek-Kız	Bilinmiyor
717	Hayati	Erkek	Bilinmiyor
718	Habib	Erkek	Bilinmiyor
719	Toygar	Erkek	Bilinmiyor
720	Samim	Erkek	Bilinmiyor
721	Zekeriya	Erkek	Arapça
722	Fethi	Erkek	Bilinmiyor
723	Nail	Erkek	Bilinmiyor
724	Kasım	Erkek	Bilinmiyor
725	Ömür	Erkek-Kız	Arapça
726	Fehim	Erkek	Bilinmiyor
727	Beytullah	Erkek	Arapça
728	Rızvan	Erkek	Arapça
729	Pamir	Erkek-Kız	Türkçe
730	Gültekin	Erkek	Bilinmiyor
731	Canip	Erkek	Arapça
732	Abılayhan	Erkek	Türkçe
733	Ünal	Erkek	Bilinmiyor
734	Halim	Erkek	Bilinmiyor
735	Bedir	Erkek	Bilinmiyor
736	İstemihan	Erkek	Türkçe
737	Artaç	Erkek	Bilinmiyor
738	Muhittin	Erkek	Bilinmiyor
739	Bayraktar	Erkek	Bilinmiyor
740	Abdülaziz	Erkek	Arapça
741	Ataberk	Erkek	Türkçe
742	Yurdakul	Erkek	Bilinmiyor
743	Alkın	Erkek	Bilinmiyor
744	Şevki	Erkek	Bilinmiyor
745	Özer	Erkek	Bilinmiyor
746	Seçkin	Erkek	Bilinmiyor
747	Ferruh	Erkek	Bilinmiyor
748	Doğu	Erkek	Bilinmiyor
749	Habil	Erkek	Bilinmiyor
750	Ayvaz	Erkek	Bilinmiyor
751	Köksal	Erkek	Bilinmiyor
752	Arel	Erkek	Türkçe
753	Ulaş	Erkek	Türkçe
754	Çavuş	Erkek	Bilinmiyor
755	Rafet	Erkek	Bilinmiyor
756	Ünsal	Erkek-Kız	Türkçe
757	Maşallah	Erkek	Arapça
758	İldem	Erkek	Türkçe
759	Şerafettin	Erkek-Kız	Bilinmiyor
760	Nurullah	Erkek	Arapça
761	Erenay	Erkek	Bilinmiyor
762	Haktan	Erkek-Kız	Türkçe
763	Melik	Erkek	Bilinmiyor
764	Çare	Erkek	Farsça
765	Erman	Erkek	Bilinmiyor
766	Danyal	Erkek	İbranice
767	Tuğberk	Erkek	Türkçe
768	Sıtkı	Erkek	Bilinmiyor
769	Eminel	Erkek	Türkçe
770	Zeynel	Erkek	Arapça
771	Talip	Erkek	Bilinmiyor
772	Abdülkerim	Erkek	Arapça
773	Abdülbaki	Erkek	Arapça
774	Yadigar	Erkek-Kız	Farsça
775	Sergen	Erkek	Bilinmiyor
776	Alptuğ	Erkek	Türkçe
777	Cumali	Erkek	Arapça
778	Nazmi	Erkek	Bilinmiyor
779	Onuralp	Erkek	Bilinmiyor
780	Tekin	Erkek	Bilinmiyor
781	Recai	Erkek	Arapça
782	Nebi	Erkek	Bilinmiyor
783	Reyan	Erkek-Kız	Bilinmiyor
784	İskender	Erkek	Bilinmiyor
785	Azat	Erkek	Farsça
786	Ergin	Erkek	Bilinmiyor
787	Aldemir	Erkek	Bilinmiyor
788	Kaya	Erkek	Bilinmiyor
789	Çavdar	Erkek	Türkçe
790	Özgün	Erkek	Bilinmiyor
791	Türkay	Erkek	Bilinmiyor
792	Edip	Erkek	Bilinmiyor
793	Sabri	Erkek	Arapça
794	Asan	Erkek	Farsça
795	Zeren	Erkek-Kız	Türkçe
796	Mahi	Erkek	Arapça
797	Feza	Erkek	Bilinmiyor
798	Diren	Erkek-Kız	Bilinmiyor
799	Devran	Erkek	Arapça
800	Ferkan	Erkek	Türkçe
801	Güral	Erkek	Bilinmiyor
802	Şura	Erkek-Kız	Arapça
803	Abışkanoyan	Erkek	Türkçe
804	Rıfkı	Erkek	Bilinmiyor
805	Tayyib	Erkek	Bilinmiyor
806	Aral	Erkek	Türkçe
807	Fahim	Erkek	Arapça
808	Candost	Erkek	Bilinmiyor
809	Dolunay	Erkek-Kız	Bilinmiyor
810	Fakirullah	Erkek	Arapça
811	Efnan	Erkek	Arapça
812	Göknil	Erkek-Kız	Bilinmiyor
813	Armağan	Erkek-Kız	Türkçe
814	Günel	Erkek-Kız	Türkçe
815	Paşa	Erkek	Bilinmiyor
816	Büke	Erkek-Kız	Türkçe
817	Asil	Erkek	Bilinmiyor
818	Uras	Erkek	Türkçe
819	Fesih	Erkek	Arapça
820	Elyesa	Erkek	Arapça
821	Tulha	Erkek-Kız	Bilinmiyor
822	Galip	Erkek	Bilinmiyor
823	Erkin	Erkek	Bilinmiyor
824	Abbad	Erkek	Arapça
825	Zafir	Erkek	Arapça
826	Atatürk	Erkek	Türkçe
827	Durusu	Erkek-Kız	Bilinmiyor
828	Ersen	Erkek	Bilinmiyor
829	Üzeyir	Erkek	Arapça
830	Gökalp	Erkek	Türkçe
831	Ejder	Erkek	Bilinmiyor
832	Hafız	Erkek	Bilinmiyor
833	Vahit	Erkek	Bilinmiyor
834	Fedai	Erkek	Arapça
835	Eylem	Erkek	Türkçe
836	Okay	Erkek	Bilinmiyor
837	Hıfzı	Erkek	Bilinmiyor
838	Satılmış	Erkek	Türkçe
839	Behzat	Erkek	Bilinmiyor
840	Muhammed	Erkek	Bilinmiyor
841	Nevzad	Erkek	Bilinmiyor
842	Alkım	Erkek-Kız	Türkçe
843	Adıgüzel	Erkek-Kız	Türkçe
844	Devin	Erkek-Kız	Türkçe
845	Gökcan	Erkek	Bilinmiyor
846	Olgun	Erkek	Bilinmiyor
847	Seyithan	Erkek	Türkçe
848	Bozkurt	Erkek	Bilinmiyor
849	Necmi	Erkek	Bilinmiyor
850	Nejat	Erkek	Bilinmiyor
851	Çavaş	Erkek	Türkçe
852	Raif	Erkek	Bilinmiyor
853	Akalın	Erkek-Kız	Türkçe
854	Hanzala	Erkek	Arapça
855	Fani	Erkek	Arapça
856	İlvan	Erkek	Bilinmiyor
857	Çavlan	Erkek	Türkçe
858	Mazlum	Erkek	Bilinmiyor
859	Abuzer	Erkek	Farsça
860	Derviş	Erkek	Bilinmiyor
861	Dağhan	Erkek	Türkçe
862	İlkim	Erkek-Kız	Türkçe
863	Abdürrezzak	Erkek	Arapça
864	Feriz	Erkek	Türkçe
865	Bahtiyar	Erkek	Bilinmiyor
866	Çavdur	Erkek	Türkçe
867	Ant	Erkek	Türkçe
868	Çağıl	Erkek-Kız	Türkçe
869	Seyfettin	Erkek	Arapça
870	Gökdeniz	Erkek	Türkçe
871	Abidin	Erkek	Arapça
872	Çavuldur	Erkek	Türkçe
873	Abuşka	Erkek	Türkçe
874	İsmihan	Erkek-Kız	Türkçe
875	Namık	Erkek	Bilinmiyor
876	Nafiz	Erkek	Bilinmiyor
877	Alpay	Erkek	Türkçe
878	Şeref	Erkek	Bilinmiyor
879	Ferid	Erkek	Bilinmiyor
880	Müşteba	Erkek	Arapça
881	Cansın	Erkek-Kız	Türkçe
882	İmdat	Erkek	Bilinmiyor
883	Hatem	Erkek	Bilinmiyor
884	Bahattin	Erkek	Arapça
885	Dursun	Erkek	Türkçe
886	Arat	Erkek	Türkçe
887	Debernuş	Erkek	Arapça
888	Fedakar	Erkek-Kız	Arapça
889	Nazar	Erkek-Kız	Arapça
890	Refik	Erkek	Bilinmiyor
891	Rahmet	Erkek-Kız	Arapça
892	Levin	Erkek	Arapça
893	Eldem	Erkek	Bilinmiyor
894	Mecit	Erkek	Bilinmiyor
895	Çavlı	Erkek	Türkçe
896	Memiş	Erkek	Türkçe
897	Ardahan	Erkek	Türkçe
898	Gökçin	Erkek-Kız	Türkçe
899	Fenni	Erkek	Arapça
900	Çaydam	Erkek	Türkçe
901	Canberk	Erkek	Türkçe
902	Menderes	Erkek	Bilinmiyor
903	Berkin	Erkek	Arapça
904	Nafi	Erkek	Bilinmiyor
905	Zülfü	Erkek-Kız	Farsça
906	Eranıl	Erkek	Türkçe
907	Aber	Erkek	Arapça
908	Abdi	Erkek	Arapça
909	Fişengi	Erkek	Bilinmiyor
910	Rida	Erkek	Bilinmiyor
911	Gani	Erkek	Bilinmiyor
912	Durali	Erkek	Türkçe
913	Afşin	Erkek	Türkçe
914	Feritkan	Erkek	Arapça
915	Reşit	Erkek	Bilinmiyor
916	Lemi	Erkek	Bilinmiyor
917	Günhan	Erkek	Bilinmiyor
918	Korkmaz	Erkek	Bilinmiyor
919	Durul	Erkek	Bilinmiyor
920	Kutsal	Erkek	Bilinmiyor
921	Reşid	Erkek	Bilinmiyor
922	Hayrullah	Erkek	Bilinmiyor
923	Sıddık	Erkek	Bilinmiyor
924	Saim	Erkek	Bilinmiyor
925	Abide	Erkek-Kız	Arapça
926	Hurşit	Erkek	Bilinmiyor
927	Korkud	Erkek	Bilinmiyor
928	Necmeddin	Erkek	Arapça
929	Gürel	Erkek	Bilinmiyor
930	Çağın	Erkek-Kız	Türkçe
931	Cengizhan	Erkek	Türkçe
932	Aydeniz	Erkek-Kız	Türkçe
933	Çeçen	Erkek	Türkçe
934	Pehlivan	Erkek	Bilinmiyor
935	Felek	Erkek-Kız	Arapça
936	Temel	Erkek	Bilinmiyor
937	Yosun	Erkek-Kız	Bilinmiyor
938	Argün	Erkek	Bilinmiyor
939	Rahim	Erkek	Bilinmiyor
940	Gökhun	Erkek	Bilinmiyor
941	Şahan	Erkek	Farsça
942	Musap	Erkek	Arapça
943	Şayan	Erkek-Kız	Bilinmiyor
944	Hızır	Erkek	Bilinmiyor
945	Abdülcelil	Erkek	Arapça
946	Abdülbari	Erkek	Arapça
947	Sıdar	Erkek	Bilinmiyor
948	Rahman	Erkek	Bilinmiyor
949	Hüsrev	Erkek	Bilinmiyor
950	Yıldırım	Erkek	Bilinmiyor
951	Birkan	Erkek	Türkçe
952	Medet	Erkek	Bilinmiyor
953	Akburak	Erkek	Türkçe
954	Yemliha	Erkek	Arapça
955	Nurşat	Erkek	Bilinmiyor
956	Nusred	Erkek	Bilinmiyor
957	Abdüzzahir	Erkek	Arapça
958	Özüm	Erkek-Kız	Türkçe
959	Ersan	Erkek	Türkçe
960	Şener	Erkek	Bilinmiyor
961	Arın	Erkek	Türkçe
962	Sebahattin	Erkek	Arapça
963	Kadri	Erkek	Bilinmiyor
964	Abdülcemal	Erkek	Arapça
965	Rauf	Erkek	Bilinmiyor
966	Mithat	Erkek	Arapça
967	Güney	Erkek-Kız	Türkçe
968	Abdülbasir	Erkek	Arapça
969	Dursunali	Erkek	Türkçe
970	Çaydamar	Erkek	Türkçe
971	Atıl	Erkek	Bilinmiyor
972	Demokan	Erkek	Türkçe
973	Demircan	Erkek	Bilinmiyor
974	Abdüssamet	Erkek	Arapça
975	Efekan	Erkek	Türkçe
976	Toktamış	Erkek	Bilinmiyor
977	Balım	Erkek-Kız	Türkçe
978	Özhan	Erkek	Bilinmiyor
979	Gafur	Erkek	Bilinmiyor
980	Atınç	Erkek	Bilinmiyor
981	Tümer	Erkek	Türkçe
982	Şahab	Erkek	Bilinmiyor
983	Zübeyir	Erkek	Arapça
984	Vehbi	Erkek	Bilinmiyor
985	Asu	Erkek-Kız	Türkçe
986	Tuncer	Erkek	Bilinmiyor
987	Bedri	Erkek	Bilinmiyor
988	Fereç	Erkek	Arapça
989	Battal	Erkek	Bilinmiyor
990	Evran	Erkek	Türkçe
991	Renan	Erkek-Kız	Arapça
992	Daniş	Erkek	Bilinmiyor
993	Ilgaz	Erkek-Kız	Türkçe
994	Fecri	Erkek	Arapça
995	Abdülbasit	Erkek	Arapça
996	Saba	Erkek-Kız	Arapça
997	Abdülcebbar	Erkek	Arapça
998	Hasefe	Erkek	Arapça
999	Sacit	Erkek	Bilinmiyor
1000	Azim	Erkek	Arapça
1001	Erinç	Erkek	Bilinmiyor
1002	Çakabey	Erkek	Bilinmiyor
1003	Ertaç	Erkek	Bilinmiyor
1004	Zülküf	Erkek	Arapça
1005	Şekib	Erkek	Arapça
1006	İmren	Erkek-Kız	Türkçe
1007	Adin	Erkek	Arapça
1008	Falih	Erkek	Arapça
1009	Cömert	Erkek	Farsça
1010	Öner	Erkek	Bilinmiyor
1011	Abid	Erkek	Arapça
1012	Arhan	Erkek	Türkçe
1013	Abdülberr	Erkek	Arapça
1014	Barlas	Erkek	Türkçe
1015	Laçin	Erkek	Türkçe
1016	Mahsun	Erkek	Arapça
1017	Akay	Erkek-Kız	Türkçe
1018	Birce	Erkek-Kız	Türkçe
1019	Kudret	Erkek	Bilinmiyor
1020	Kabadayı	Erkek	Türkçe
1021	Cavit	Erkek	Farsça
1022	Hilâlî	Erkek-Kız	Arapça
1023	Karadeniz	Erkek	Türkçe
1024	Öcal	Erkek	Bilinmiyor
1025	Şansın	Erkek-Kız	Türkçe
1026	Serener	Erkek	Türkçe
1027	Fazlı	Erkek	Arapça
1028	Eral	Erkek	Türkçe
1029	Aydoğan	Erkek-Kız	Türkçe
1030	Ecevit	Erkek	Türkçe
1031	Kahraman	Erkek	Bilinmiyor
1032	Raci	Erkek	Bilinmiyor
1033	Şefik	Erkek	Bilinmiyor
1034	Gıyasettin	Erkek	Arapça
1035	Ökkeş	Erkek	Arapça
1036	Verdî	Erkek	Arapça
1037	Çelebi	Erkek	Bilinmiyor
1038	Fikri	Erkek	Bilinmiyor
1039	Lütfi	Erkek	Arapça
1040	Jerfi	Erkek	Farsça
1041	Kefeştatayyuş	Erkek	Arapça
1042	Gaffar	Erkek	Bilinmiyor
1043	Senî	Erkek	Arapça
1044	Evrensel	Erkek	Türkçe
1045	Abdüşşekür	Erkek	Arapça
1046	Suphi	Erkek	Bilinmiyor
1047	Babayiğit	Erkek	Türkçe
1048	Rüştü	Erkek	Bilinmiyor
1049	Çelik	Erkek	Bilinmiyor
1050	Yarkın	Erkek-Kız	Türkçe
1051	Çevik	Erkek	Bilinmiyor
1052	Şahap	Erkek	Bilinmiyor
1053	Turaç	Erkek	Bilinmiyor
1054	Ertunç	Erkek	Türkçe
1055	Abdülbedi	Erkek	Arapça
1056	Ağahan	Erkek	Türkçe
1057	Ertuğ	Erkek	Türkçe
1058	Hüdaver	Erkek-Kız	Arapça
1059	Nihad	Erkek	Bilinmiyor
1060	Şuayp	Erkek	Bilinmiyor
1061	Kamber	Erkek	Bilinmiyor
1062	Seha	Erkek	Bilinmiyor
1063	Abdüsselam	Erkek	Arapça
1064	Abdülcevat	Erkek	Arapça
1065	Hasane	Erkek	Arapça
1066	Muğdat	Erkek	Bilinmiyor
1067	Çelen	Erkek	Bilinmiyor
1068	Cimşit	Erkek	Farsça
1069	Mutlu	Erkek-Kız	Türkçe
1070	Fehamettin	Erkek	Arapça
1071	Mecnun	Erkek	Bilinmiyor
1072	Gürbüz	Erkek	Bilinmiyor
1073	Lebib	Erkek	Bilinmiyor
1074	Coşar	Erkek	Bilinmiyor
1075	Eflatun	Erkek	Bilinmiyor
1076	Emirşah	Erkek	Arapça
1077	İbo	Erkek	Türkçe
1078	Bozok	Erkek	Türkçe
1079	Doğanay	Erkek-Kız	Türkçe
1080	Mihrican	Erkek-Kız	Türkçe
1081	Memo	Erkek	Türkçe
1082	Hasbi	Erkek	Arapça
1083	Abher	Erkek-Kız	Arapça
1084	Mürşit	Erkek	Bilinmiyor
1085	Candaş	Erkek-Kız	Farsça
1086	Kayhan	Erkek	Türkçe
1087	Babürşah	Erkek	Farsça
1088	Fehamet	Erkek-Kız	Arapça
1089	Abdülgaffar	Erkek	Arapça
1090	Şahabettin	Erkek	Arapça
1091	Şuayip	Erkek	Arapça
1092	Hazım	Erkek	Bilinmiyor
1093	Fethullah	Erkek	Arapça
1094	Doğuş	Erkek	Türkçe
1095	Rakım	Erkek	Bilinmiyor
1096	Sılan	Erkek	Türkçe
1097	Evcimen	Erkek-Kız	Türkçe
1098	Munis	Erkek	Bilinmiyor
1099	Besim	Erkek	Bilinmiyor
1100	Fuad	Erkek	Bilinmiyor
1101	Naşit	Erkek	Bilinmiyor
1102	Oğuzcan	Erkek	Türkçe
1103	Bestami	Erkek	Arapça
1104	Rami	Erkek	Bilinmiyor
1105	Dağ	Erkek	Türkçe
1106	Seğmen	Erkek	Türkçe
1107	Kevnî	Erkek	Arapça
1108	Uğurcan	Erkek-Kız	Türkçe
1109	Sayım	Erkek	Türkçe
1110	Azer	Erkek	Farsça
1111	Zülfi	Erkek	Farsça
1112	Çakır	Erkek-Kız	Türkçe
1113	Tayanç	Erkek	Türkçe
1114	Gazi	Erkek	Bilinmiyor
1115	Beşir	Erkek	Arapça
1116	Barça	Erkek	Türkçe
1117	Tümen	Erkek	Türkçe
1118	Aypare	Erkek-Kız	Bilinmiyor
1119	Bahir	Erkek	Arapça
1120	Nahit	Erkek	Bilinmiyor
1121	Adaleddin	Erkek	Arapça
1122	Enginiz	Erkek-Kız	Türkçe
1123	Tibet	Erkek	Türkçe
1124	İbat	Erkek	Arapça
1125	Tuncel	Erkek	Bilinmiyor
1126	Bilgehan	Erkek	Türkçe
1127	Garip	Erkek	Bilinmiyor
1128	Göksan	Erkek	Türkçe
1129	Ecehan	Erkek-Kız	Türkçe
1130	Ersel	Erkek	Türkçe
1131	Murathan	Erkek	Türkçe
1132	Tümerdem	Erkek	Türkçe
1133	Abdülfettah	Erkek	Arapça
1134	Hüdavendigâr	Erkek	Farsça
1135	Ferih	Erkek	Arapça
1136	Feragat	Erkek	Arapça
1137	Hamid	Erkek	Bilinmiyor
1138	Andıç	Erkek	Türkçe
1139	Fütüvvet	Erkek	Arapça
1140	Boğa	Erkek	Türkçe
1141	İlim	Erkek	Arapça
1142	Yakut	Erkek	Bilinmiyor
1143	Baturalp	Erkek	Türkçe
1144	Hasanalp	Erkek	Arapça
1145	Aktuğ	Erkek	Türkçe
1146	Ayas	Erkek-Kız	Türkçe
1147	Balaban	Erkek	Bilinmiyor
1148	Sencer	Erkek	Türkçe
1149	Ergül	Erkek-Kız	Türkçe
1150	Belen	Erkek-Kız	Türkçe
1151	Ebrak	Erkek	Arapça
1152	İklim	Erkek-Kız	Arapça
1153	Abdülferid	Erkek	Arapça
1154	Çeliker	Erkek	Bilinmiyor
1155	Erturan	Erkek	Türkçe
1156	Abdülehad	Erkek	Arapça
1157	Bengu	Kız	Bilinmiyor
1158	Baybars	Erkek	Türkçe
1159	Abdürrauf	Erkek	Arapça
1160	Vahid	Erkek	Bilinmiyor
1161	Çayhan	Erkek	Türkçe
1162	Duran	Erkek	Türkçe
1163	Beki	Erkek	Bilinmiyor
1164	Arafat	Erkek	Arapça
1165	Abay	Erkek	Türkçe
1166	Özen	Erkek-Kız	Bilinmiyor
1167	Babaç	Erkek	Türkçe
1168	Dindar	Erkek	Arapça
1169	Zübeyr	Erkek	Arapça
1170	Durukan	Erkek	Bilinmiyor
1171	Atlıhan	Erkek	Bilinmiyor
1172	Sefer	Erkek	Bilinmiyor
1173	Aşır	Erkek	Arapça
1174	Tuğhan	Erkek	Türkçe
1175	Demren	Erkek	Türkçe
1176	Gazel	Erkek	Arapça
1177	Vecihi	Erkek	Bilinmiyor
1178	Barın	Erkek	Türkçe
1179	Abdülevvel	Erkek	Arapça
1180	Abdülesed	Erkek	Arapça
1181	Cabir	Erkek	Arapça
1182	Üveys	Erkek	Arapça
1183	Ağa	Erkek	Türkçe
1184	İzgi	Erkek-Kız	Türkçe
1185	Ubeydullah	Erkek	Arapça
1186	Malkoçoğlu	Erkek	Türkçe
1187	Erin	Erkek-Kız	Türkçe
1188	Eryiğit	Erkek	Türkçe
1189	Eranay	Erkek	Bilinmiyor
1190	Sezin	Erkek-Kız	Türkçe
1191	Cevahir	Erkek-Kız	Arapça
1192	Abdülezel	Erkek	Arapça
1193	Zekayi	Erkek	Türkçe
1194	Nüzhet	Erkek	Bilinmiyor
1195	Fehimdar	Erkek	Arapça
1196	Safi	Erkek	Bilinmiyor
1197	Tuvana	Erkek-Kız	Farsça
1198	Kâmran	Erkek-Kız	Farsça
1199	Hıncal	Erkek	Bilinmiyor
1200	Yaser	Erkek	Arapça
1201	Bayezit	Erkek	Arapça
1202	İkramullah	Erkek	Bilinmiyor
1203	Erdi	Erkek-Kız	Türkçe
1204	Canpolat	Erkek	Farsça
1205	Ükkaşe	Erkek	Arapça
1206	Berker	Erkek	Türkçe
1207	Sertan	Erkek	Türkçe
1208	Abuzettin	Erkek	Arapça
1209	Evrenata	Erkek	Türkçe
1210	Ağan	Erkek-Kız	Türkçe
1211	Şadıman	Erkek-Kız	Farsça
1212	Afşar	Erkek	Türkçe
1213	Arman	Erkek	Türkçe
1214	Vahdet	Erkek	Bilinmiyor
1215	Evirgen	Erkek	Türkçe
1216	Mazi	Erkek-Kız	Bilinmiyor
1217	Tümenbay	Erkek	Türkçe
1218	Veysi	Erkek	Arapça
1219	Nami	Erkek	Bilinmiyor
1220	Hıdır	Erkek	Arapça
1221	Hasbek	Erkek	Arapça
1222	Bürge	Erkek-Kız	Türkçe
1223	Haşmettin	Erkek	Arapça
1224	Şazenuş	Erkek	Arapça
1225	Sadri	Erkek	Bilinmiyor
1226	Şad	Erkek	Farsça
1227	Uygar	Erkek	Türkçe
1228	Akça	Erkek-Kız	Türkçe
1229	Zeycan	Erkek	Farsça
1230	Selvihan	Erkek-Kız	Farsça
1231	Gökser	Erkek	Türkçe
1232	Berran	Erkek-Kız	Arapça
1233	Ecemiş	Erkek	Türkçe
1234	Duyal	Erkek	Bilinmiyor
1235	Muhlis	Erkek	Bilinmiyor
1236	Karan	Erkek	Türkçe
1237	Ernur	Erkek	Türkçe
1238	Delâl	Erkek	Arapça
1239	Babacan	Erkek	Türkçe
1240	Dalyan	Erkek	Türkçe
1241	Çağkan	Erkek	Türkçe
1242	Tugay	Erkek	Türkçe
1243	Delikanlı	Erkek	Türkçe
1244	Gümüş	Erkek-Kız	Türkçe
1245	Yalvaç	Erkek	Türkçe
1246	Dilem	Erkek	Türkçe
1247	Erdağ	Erkek	Türkçe
1248	Anadolu	Erkek	Türkçe
1249	Midhat	Erkek	Arapça
1250	Gıyasi	Erkek	Arapça
1251	İbadullah	Erkek	Arapça
1252	Tümerk	Erkek	Türkçe
1253	Günaydın	Erkek-Kız	Türkçe
1254	Gökten	Erkek	Türkçe
1255	Özgen	Erkek-Kız	Türkçe
1256	Cezayir	Erkek	Arapça
1257	Efruz	Erkek	Farsça
1258	Şehmuz	Erkek	Farsça
1259	Eraydın	Erkek	Türkçe
1260	Felat	Erkek	Arapça
1261	Halet	Erkek-Kız	Arapça
1262	Adal	Erkek	Türkçe
1263	Faiz	Erkek	Arapça
1264	Peyami	Erkek	Bilinmiyor
1265	Ruhi	Erkek	Bilinmiyor
1266	Özder	Erkek	Bilinmiyor
1267	Abdüssemi	Erkek	Arapça
1268	Aca	Erkek	Türkçe
1269	Acarkan	Erkek-Kız	Türkçe
1270	Necat	Erkek	Bilinmiyor
1271	Enginsoy	Erkek	Türkçe
1272	Korkut	Erkek	Bilinmiyor
1273	Evliya	Erkek	Arapça
1274	Girayhan	Erkek	Türkçe
1275	Göktan	Erkek	Türkçe
1276	Acartürk	Erkek	Türkçe
1277	İman	Erkek-Kız	Bilinmiyor
1278	Evcan	Erkek-Kız	Türkçe
1279	Göktay	Erkek	Türkçe
1280	Ilgar	Erkek	Türkçe
1281	Efser	Erkek-Kız	Farsça
1282	Çağay	Erkek	Türkçe
1283	Okyanus	Erkek-Kız	Bilinmiyor
1284	Aytürk	Erkek-Kız	Türkçe
1285	Cesur	Erkek	Arapça
1286	Esedullah	Erkek	Arapça
1287	Kartal	Erkek	Bilinmiyor
1288	İmat	Erkek	Arapça
1289	Ayyıldız	Erkek-Kız	Türkçe
1290	Abdüssettar	Erkek	Arapça
1291	Ağca	Erkek-Kız	Türkçe
1292	Ferhattin	Erkek	Arapça
1293	Nasıf	Erkek	Arapça
1294	Arslan	Erkek	Türkçe
1295	Aytunç	Erkek	Türkçe
1296	Kambay	Erkek	Türkçe
1297	Embiya	Erkek	Arapça
1298	Alişah	Erkek	Farsça
1299	İbik	Erkek	Türkçe
1300	Bakır	Erkek-Kız	Türkçe
1301	İzem	Erkek-Kız	Arapça
1302	Tümerkan	Erkek	Türkçe
1303	Yetkin	Erkek	Bilinmiyor
1304	Cantürk	Erkek	Türkçe
1305	Haspolat	Erkek	Arapça
1306	Çelem	Erkek	Türkçe
1307	Pala	Erkek	Bilinmiyor
1308	Efgan	Erkek	Farsça
1309	Ecir	Erkek	Arapça
1310	Evrimer	Erkek	Türkçe
1311	Hadis	Erkek	Bilinmiyor
1312	Mennan	Erkek	Bilinmiyor
1313	Dadaş	Erkek	Türkçe
1314	Çabar	Erkek	Türkçe
1315	Nizar	Erkek	Farsça
1316	Baray	Erkek	Türkçe
1317	Vahdi	Erkek	Bilinmiyor
1318	Orbay	Erkek	Bilinmiyor
1319	Bağır	Erkek	Türkçe
1320	Ebecen	Erkek	Türkçe
1321	Şadan	Erkek-Kız	Farsça
1322	Hürkan	Erkek-Kız	Farsça
1323	Eraslan	Erkek	Türkçe
1324	Gençağa	Erkek	Türkçe
1325	Ancı	Erkek	Türkçe
1326	Baturay	Erkek	Türkçe
1327	Nurşah	Erkek	Türkçe
1328	Çerkez	Erkek	Türkçe
1329	Abit	Erkek	Arapça
1330	Çağa	Erkek	Türkçe
1331	Gençer	Erkek	Türkçe
1332	Abdüşşahid	Erkek	Arapça
1333	Zahit	Erkek	Arapça
1334	Saadettin	Erkek	Arapça
1335	Nasreddin	Erkek	Bilinmiyor
1336	Kadem	Erkek-Kız	Arapça
1337	Tezcan	Erkek	Bilinmiyor
1338	İbadet	Erkek	Arapça
1339	Yurdanur	Erkek-Kız	Türkçe
1340	Memik	Erkek	Türkçe
1341	Tümenboğa	Erkek	Türkçe
1342	Gürhan	Erkek	Türkçe
1343	Mesud	Erkek	Bilinmiyor
1344	Mağrur	Erkek	Arapça
1345	Şah	Erkek	Farsça
1346	Akçalı	Erkek	Türkçe
1347	Bahadırhan	Erkek	Türkçe
1348	İlteriş	Erkek	Türkçe
1349	Kayıhan	Erkek	Türkçe
1350	Beykan	Erkek	Türkçe
1351	Kadam	Erkek-Kız	Türkçe
1352	Akdemir	Erkek	Türkçe
1353	Kabil	Erkek	Arapça
1354	Barışcan	Erkek	Türkçe
1355	Yağızalp	Erkek	Türkçe
1356	Dağaşan	Erkek	Türkçe
1357	İlgim	Erkek-Kız	Türkçe
1358	Müşfik	Erkek	Bilinmiyor
1359	Oğul	Erkek	Türkçe
1360	Argın	Erkek	Türkçe
1361	Türabi	Erkek	Arapça
1362	Sertuğ	Erkek	Türkçe
1363	Sacid	Erkek	Bilinmiyor
1364	Mecid	Erkek	Bilinmiyor
1365	Ejderhan	Erkek	Farsça
1366	Şirvan	Erkek	Farsça
1367	Mirzat	Erkek	Farsça
1368	Atılım	Erkek	Türkçe
1369	Göksenin	Erkek	Türkçe
1370	Ahsa	Erkek-Kız	Arapça
1371	Kayrahan	Erkek	Türkçe
1372	Engintalay	Erkek	Türkçe
1373	Kıyan	Erkek	Türkçe
1374	Malkoç	Erkek	Türkçe
1375	Nadi	Erkek	Bilinmiyor
1376	Alpertunga	Erkek	Türkçe
1377	Ledün	Erkek	Arapça
1378	Abdürreşid	Erkek	Arapça
1379	Demirhan	Erkek	Türkçe
1380	Samir	Erkek	Arapça
1381	Tankut	Erkek	Bilinmiyor
1382	Bağatur	Erkek	Türkçe
1383	Akşemseddin	Erkek	Türkçe
1384	Dara	Erkek	Farsça
1385	Erkam	Erkek	Arapça
1386	Balabey	Erkek	Türkçe
1387	Ogeday	Erkek	Türkçe
1388	Edgü	Erkek	Türkçe
1389	Olcan	Erkek	Türkçe
1390	Mengü	Erkek-Kız	Türkçe
1391	Mihri	Erkek-Kız	Farsça
1392	Ahfa	Erkek-Kız	Arapça
1393	Cündullah	Erkek	Arapça
1394	Altınbaran	Erkek	Türkçe
1395	Tuğkan	Erkek	Türkçe
1396	Peker	Erkek	Bilinmiyor
1397	Akartürk	Erkek	Türkçe
1398	Balamir	Erkek	Türkçe
1399	Çadır	Erkek	Farsça
1400	Özbek	Erkek-Kız	Türkçe
1401	Adanır	Erkek-Kız	Türkçe
1402	İlter	Erkek-Kız	Türkçe
1403	Erboğa	Erkek	Türkçe
1404	Cemşit	Erkek	Farsça
1405	Karaçay	Erkek	Türkçe
1406	Ubeyt	Erkek	Arapça
1407	Çağ	Erkek	Türkçe
1408	Ertürk	Erkek	Arapça
1409	Erbay	Erkek-Kız	Türkçe
1410	İbiş	Erkek	Türkçe
1411	Özgü	Erkek-Kız	Türkçe
1412	Şecaattin	Erkek	Bilinmiyor
1413	Sönmez	Erkek	Bilinmiyor
1414	Nasuh	Erkek	Arapça
1415	Ançıbay	Erkek	Türkçe
1416	Acem	Erkek	Arapça
1417	Gurur	Erkek	Arapça
1418	Ahter	Erkek-Kız	Farsça
1419	Yankı	Erkek-Kız	Türkçe
1420	Süruri	Erkek	Bilinmiyor
1421	Baranalp	Erkek	Türkçe
1422	Naşid	Erkek	Bilinmiyor
1423	Rüknettin	Erkek	Bilinmiyor
1424	Doğuhan	Erkek	Türkçe
1425	Varol	Erkek	Bilinmiyor
1426	Suay	Erkek	Bilinmiyor
1427	Süha	Erkek	Arapça
1428	İbad	Erkek	Arapça
1429	Selhan	Erkek-Kız	Türkçe
1430	Ardıç	Erkek	Türkçe
1431	Bilgekağan	Erkek	Türkçe
1432	Ira	Erkek	Türkçe
1433	Türkmen	Erkek-Kız	Türkçe
1434	Agra	Erkek	Arapça
1435	Manga	Erkek	Türkçe
1436	Adahan	Erkek	Türkçe
1437	Öge	Erkek-Kız	Türkçe
1438	Eratlı	Erkek	Türkçe
1439	Şemsettin	Erkek	Arapça
1440	İlbay	Erkek	Türkçe
1441	Boğahan	Erkek	Türkçe
1442	Ferman	Erkek	Farsça
1443	Akyiğit	Erkek	Türkçe
1444	Eşraf	Erkek	Arapça
1445	Çağlak	Erkek-Kız	Türkçe
1446	Aktürk	Erkek	Türkçe
1447	Hünkâr	Erkek	Farsça
1448	Mürşid	Erkek	Bilinmiyor
1449	İldeniz	Erkek-Kız	Türkçe
1450	Burç	Erkek	Arapça
1451	Yağızhan	Erkek	Türkçe
1452	Dağtekin	Erkek	Türkçe
1453	Zorbey	Erkek	Türkçe
1454	Yiğitcan	Erkek	Türkçe
1455	Ülkücü	Erkek	Türkçe
1456	Mengüç	Erkek	Bilinmiyor
1457	Boğatay	Erkek	Türkçe
1458	Ilgı	Erkek	Türkçe
1459	Oral	Erkek	Türkçe
1460	Maarif	Erkek	Arapça
1461	Hüsmen	Erkek	Türkçe
1462	Mirat	Erkek	Arapça
1463	İkiz	Erkek	Türkçe
1464	İnan	Erkek-Kız	Türkçe
1465	Şekip	Erkek	Arapça
1466	Korel	Erkek	Türkçe
1467	Mircan	Erkek-Kız	Farsça
1468	Çığıl	Erkek	Türkçe
1469	Enfal	Erkek	Arapça
1470	İkram	Erkek-Kız	Arapça
1471	Ulvi	Erkek	Bilinmiyor
1472	Şahat	Erkek	Arapça
1473	Şeniz	Erkek-Kız	Türkçe
1474	Közcan	Erkek	Türkçe
1475	Şahbaz	Erkek	Farsça
1476	Gazal	Erkek-Kız	Arapça
1477	Balatürk	Erkek	Türkçe
1478	İlsu	Erkek-Kız	Türkçe
1479	Allahverdi	Erkek	Türkçe
1480	Acahan	Erkek	Türkçe
1481	Arna	Erkek	Türkçe
1482	Alemdar	Erkek	Farsça
1483	Erbaş	Erkek	Türkçe
1484	İlimdar	Erkek	Arapça
1485	Yağın	Erkek	Türkçe
1486	Akpınar	Erkek-Kız	Türkçe
1487	Padişah	Erkek	Farsça
1488	Han	Erkek	Türkçe
1489	Eryılmaz	Erkek	Türkçe
1490	Ümmet	Erkek	Arapça
1491	Çaba	Erkek	Türkçe
1492	Tümerkin	Erkek	Türkçe
1493	Zağnos	Erkek	Türkçe
1494	Erakalın	Erkek	Türkçe
1495	Erşahan	Erkek	Türkçe
1496	Enginsu	Erkek-Kız	Türkçe
1497	Mahra	Erkek	Arapça
1498	Mansur	Erkek	Arapça
1499	Nasır	Erkek	Arapça
1500	Göksal	Erkek-Kız	Türkçe
1501	Acabay	Erkek	Türkçe
1502	Ogan	Erkek	Türkçe
1503	Çağakan	Erkek	Türkçe
1504	Muhteşem	Erkek	Bilinmiyor
1505	Aybora	Erkek	Türkçe
1506	Evhat	Erkek	Arapça
1507	Ramis	Erkek	Arapça
1508	Barçın	Erkek-Kız	Türkçe
1509	Candeğer	Erkek-Kız	Farsça
1510	Merdan	Erkek	Farsça
1511	Peyker	Erkek-Kız	Farsça
1512	Bağış	Erkek	Türkçe
1513	Boğatekin	Erkek	Türkçe
1514	Evgin	Erkek	Türkçe
1515	Karayağız	Erkek	Türkçe
1516	Birsel	Erkek-Kız	Türkçe
1517	Erakıncı	Erkek	Türkçe
1518	İdi	Erkek	Türkçe
1519	Emsal	Erkek-Kız	Arapça
1520	Bürkan	Erkek-Kız	Arapça
1521	Hatip	Erkek	Arapça